target,per,perf,conf,mod
KIC09164561,1.27,0.7,0.5,SSD
KIC10661783,1.23136,0.7,0.5,SSD
KIC05623923,1.20875,0.7,0.5,SSD
