target,period,p_fac
TIC456905229,1.69262,0.7
TIC48084398,2.121807,0.7
TIC391902612,4.5521, 0.65
